id,dose_clusters
STIEFEL_8,2
STIEFEL_23,2
STIEFEL_24,2
STIEFEL_26,2
STIEFEL_28,0
STIEFEL_34,3
STIEFEL_36,2
STIEFEL_37,0
STIEFEL_38,2
STIEFEL_42,2
STIEFEL_45,2
STIEFEL_47,2
STIEFEL_51,2
STIEFEL_53,2
STIEFEL_54,3
STIEFEL_55,2
STIEFEL_58,2
STIEFEL_60,2
STIEFEL_65,0
STIEFEL_66,2
STIEFEL_70,1
STIEFEL_71,0
STIEFEL_73,1
STIEFEL_76,1
STIEFEL_78,1
STIEFEL_80,2
STIEFEL_81,1
STIEFEL_82,2
STIEFEL_83,2
STIEFEL_85,3
STIEFEL_87,2
STIEFEL_88,2
STIEFEL_89,2
STIEFEL_90,2
STIEFEL_91,2
STIEFEL_93,2
STIEFEL_94,3
STIEFEL_95,1
STIEFEL_96,2
STIEFEL_98,2
STIEFEL_99,0
STIEFEL_101,3
STIEFEL_103,0
STIEFEL_105,2
STIEFEL_106,1
STIEFEL_108,2
STIEFEL_109,3
STIEFEL_110,0
STIEFEL_112,2
STIEFEL_116,2
STIEFEL_117,2
STIEFEL_118,3
STIEFEL_120,1
STIEFEL_121,3
STIEFEL_122,1
STIEFEL_126,2
STIEFEL_127,3
STIEFEL_128,1
STIEFEL_1477,3
STIEFEL_132,2
STIEFEL_136,1
STIEFEL_137,2
STIEFEL_141,0
STIEFEL_1480,1
STIEFEL_145,2
STIEFEL_147,3
STIEFEL_148,0
STIEFEL_149,3
STIEFEL_151,0
STIEFEL_152,1
STIEFEL_153,3
STIEFEL_156,2
STIEFEL_157,1
STIEFEL_158,2
STIEFEL_159,3
STIEFEL_160,3
STIEFEL_161,3
STIEFEL_164,2
STIEFEL_165,1
STIEFEL_167,1
STIEFEL_1485,2
STIEFEL_170,2
STIEFEL_171,2
STIEFEL_173,1
STIEFEL_175,2
STIEFEL_176,3
STIEFEL_177,2
STIEFEL_180,2
STIEFEL_183,1
STIEFEL_1486,3
STIEFEL_186,3
STIEFEL_189,0
STIEFEL_192,3
STIEFEL_193,3
STIEFEL_194,2
STIEFEL_201,2
STIEFEL_202,0
STIEFEL_205,2
STIEFEL_206,2
STIEFEL_207,2
STIEFEL_208,3
STIEFEL_212,2
STIEFEL_213,2
STIEFEL_215,0
STIEFEL_217,2
STIEFEL_219,1
STIEFEL_225,3
STIEFEL_227,1
STIEFEL_229,2
STIEFEL_234,3
STIEFEL_235,3
STIEFEL_238,2
STIEFEL_239,1
STIEFEL_243,2
STIEFEL_244,2
STIEFEL_245,2
STIEFEL_247,1
STIEFEL_248,2
STIEFEL_253,2
STIEFEL_255,1
STIEFEL_264,2
STIEFEL_265,1
STIEFEL_266,3
STIEFEL_267,1
STIEFEL_272,3
STIEFEL_281,0
STIEFEL_283,2
STIEFEL_292,3
STIEFEL_298,2
STIEFEL_300,2
STIEFEL_301,2
STIEFEL_305,0
STIEFEL_307,2
STIEFEL_309,2
STIEFEL_314,2
STIEFEL_319,2
STIEFEL_321,0
STIEFEL_326,1
STIEFEL_327,1
STIEFEL_331,2
STIEFEL_336,0
STIEFEL_338,2
STIEFEL_340,2
STIEFEL_343,2
STIEFEL_347,1
STIEFEL_350,2
STIEFEL_351,0
STIEFEL_355,2
STIEFEL_356,2
STIEFEL_358,2
STIEFEL_360,2
STIEFEL_361,2
STIEFEL_364,2
STIEFEL_367,2
STIEFEL_368,1
STIEFEL_372,1
STIEFEL_373,2
STIEFEL_378,3
STIEFEL_380,1
STIEFEL_381,2
STIEFEL_384,1
STIEFEL_385,2
STIEFEL_387,2
STIEFEL_389,2
STIEFEL_391,1
STIEFEL_392,2
STIEFEL_394,2
STIEFEL_400,0
STIEFEL_403,1
STIEFEL_404,2
STIEFEL_405,2
STIEFEL_1507,3
STIEFEL_409,3
STIEFEL_411,2
STIEFEL_413,0
STIEFEL_415,1
STIEFEL_1508,1
STIEFEL_417,0
STIEFEL_418,3
STIEFEL_1509,2
STIEFEL_420,3
STIEFEL_422,2
STIEFEL_423,0
STIEFEL_425,2
STIEFEL_427,1
STIEFEL_1512,2
STIEFEL_429,2
STIEFEL_432,2
STIEFEL_436,2
STIEFEL_1513,2
STIEFEL_444,3
STIEFEL_445,2
STIEFEL_449,2
STIEFEL_451,2
STIEFEL_455,2
STIEFEL_458,2
STIEFEL_463,2
STIEFEL_1518,0
STIEFEL_473,0
STIEFEL_491,2
STIEFEL_1521,2
STIEFEL_503,2
STIEFEL_505,1
STIEFEL_1525,2
STIEFEL_510,2
STIEFEL_511,2
STIEFEL_514,1
STIEFEL_1528,1
STIEFEL_522,2
STIEFEL_528,2
STIEFEL_529,0
STIEFEL_531,3
STIEFEL_532,0
STIEFEL_533,2
STIEFEL_1530,2
STIEFEL_542,1
STIEFEL_544,1
STIEFEL_545,2
STIEFEL_547,2
STIEFEL_550,2
STIEFEL_554,2
STIEFEL_555,0
STIEFEL_557,2
STIEFEL_559,2
STIEFEL_1535,2
STIEFEL_563,0
STIEFEL_565,3
STIEFEL_566,2
STIEFEL_567,2
STIEFEL_569,2
STIEFEL_570,0
STIEFEL_575,2
STIEFEL_580,1
STIEFEL_584,2
STIEFEL_586,0
STIEFEL_588,1
STIEFEL_589,2
STIEFEL_600,1
STIEFEL_605,2
STIEFEL_611,2
STIEFEL_612,2
STIEFEL_1540,1
STIEFEL_614,2
STIEFEL_616,1
STIEFEL_617,3
STIEFEL_618,3
STIEFEL_622,2
STIEFEL_623,2
STIEFEL_624,0
STIEFEL_625,2
STIEFEL_626,2
STIEFEL_629,1
STIEFEL_630,2
STIEFEL_631,2
STIEFEL_1542,2
STIEFEL_636,0
STIEFEL_642,0
STIEFEL_644,2
STIEFEL_648,0
STIEFEL_650,3
STIEFEL_651,1
STIEFEL_652,1
STIEFEL_660,2
STIEFEL_661,3
STIEFEL_664,1
STIEFEL_667,3
STIEFEL_668,1
STIEFEL_670,2
STIEFEL_672,3
STIEFEL_673,3
STIEFEL_676,1
STIEFEL_682,2
STIEFEL_683,1
STIEFEL_688,2
STIEFEL_695,0
STIEFEL_696,2
STIEFEL_698,1
STIEFEL_699,2
STIEFEL_701,2
STIEFEL_709,1
STIEFEL_710,2
STIEFEL_711,2
STIEFEL_712,2
STIEFEL_714,1
STIEFEL_715,0
STIEFEL_716,2
STIEFEL_717,2
STIEFEL_719,2
STIEFEL_722,3
STIEFEL_723,0
STIEFEL_724,2
STIEFEL_725,2
STIEFEL_729,1
STIEFEL_731,2
STIEFEL_749,2
STIEFEL_750,2
STIEFEL_751,2
STIEFEL_755,3
STIEFEL_756,0
STIEFEL_1558,1
STIEFEL_761,2
STIEFEL_786,0
STIEFEL_793,1
STIEFEL_794,0
STIEFEL_1563,0
STIEFEL_798,2
STIEFEL_801,1
STIEFEL_805,2
STIEFEL_809,2
STIEFEL_1564,2
STIEFEL_828,1
STIEFEL_829,2
STIEFEL_830,1
STIEFEL_839,2
STIEFEL_842,1
STIEFEL_843,0
STIEFEL_845,1
STIEFEL_847,2
STIEFEL_855,2
STIEFEL_865,2
STIEFEL_867,2
STIEFEL_878,3
STIEFEL_882,2
STIEFEL_884,2
STIEFEL_885,1
STIEFEL_886,1
STIEFEL_887,2
STIEFEL_909,1
STIEFEL_919,2
STIEFEL_926,2
STIEFEL_932,1
STIEFEL_936,1
STIEFEL_948,2
STIEFEL_949,1
STIEFEL_950,2
STIEFEL_955,2
STIEFEL_960,2
STIEFEL_961,3
STIEFEL_964,2
STIEFEL_965,2
STIEFEL_966,2
STIEFEL_967,0
STIEFEL_971,1
STIEFEL_973,0
STIEFEL_978,1
STIEFEL_985,0
STIEFEL_1568,2
STIEFEL_1008,1
STIEFEL_1009,2
STIEFEL_1013,0
STIEFEL_1033,0
STIEFEL_1036,0
STIEFEL_1040,0
STIEFEL_1041,0
STIEFEL_1045,0
STIEFEL_1046,2
STIEFEL_1052,0
STIEFEL_1053,0
STIEFEL_1055,2
STIEFEL_1067,0
STIEFEL_1068,1
STIEFEL_1073,0
STIEFEL_1080,0
STIEFEL_1083,0
STIEFEL_1087,1
STIEFEL_1088,0
STIEFEL_1102,0
STIEFEL_1105,0
STIEFEL_1112,1
STIEFEL_1396,1
STIEFEL_1406,2
STIEFEL_1408,3
STIEFEL_1409,1
STIEFEL_1416,2
STIEFEL_1421,2
STIEFEL_1422,0
STIEFEL_1423,2
STIEFEL_1426,2
STIEFEL_1432,2
STIEFEL_1433,1
STIEFEL_1435,2
STIEFEL_1441,0
STIEFEL_155,2
STIEFEL_222,2
STIEFEL_257,1
STIEFEL_261,3
STIEFEL_299,1
STIEFEL_332,2
STIEFEL_1501,1
STIEFEL_365,2
STIEFEL_439,2
STIEFEL_469,3
STIEFEL_483,0
STIEFEL_484,2
STIEFEL_523,0
STIEFEL_525,1
STIEFEL_572,0
STIEFEL_604,0
STIEFEL_1545,0
STIEFEL_689,0
STIEFEL_760,2
STIEFEL_762,1
STIEFEL_891,1
STIEFEL_910,3
STIEFEL_912,0
STIEFEL_956,3
STIEFEL_958,0
STIEFEL_981,0
STIEFEL_997,0
STIEFEL_1024,0
STIEFEL_1030,3
STIEFEL_1035,0
STIEFEL_1572,0
STIEFEL_1042,0
STIEFEL_1050,0
STIEFEL_2403,0
STIEFEL_1057,0
STIEFEL_1069,0
STIEFEL_1072,2
STIEFEL_1086,0
STIEFEL_1090,2
STIEFEL_1100,2
STIEFEL_1104,0
STIEFEL_1106,0
STIEFEL_1108,2
STIEFEL_1576,0
STIEFEL_1115,2
STIEFEL_1118,0
STIEFEL_1120,0
STIEFEL_1126,0
STIEFEL_1130,0
STIEFEL_1419,1
STIEFEL_293,1
STIEFEL_337,3
STIEFEL_654,0
STIEFEL_658,0
STIEFEL_659,1
STIEFEL_702,2
STIEFEL_704,1
STIEFEL_733,2
STIEFEL_737,1
STIEFEL_740,2
STIEFEL_748,2
STIEFEL_773,2
STIEFEL_788,1
STIEFEL_792,0
STIEFEL_811,1
STIEFEL_813,2
STIEFEL_814,2
STIEFEL_820,2
STIEFEL_856,1
STIEFEL_859,2
STIEFEL_864,0
STIEFEL_866,2
STIEFEL_934,0
STIEFEL_935,3
STIEFEL_945,2
STIEFEL_980,2
STIEFEL_983,2
STIEFEL_993,1
STIEFEL_1010,0
STIEFEL_1015,0
STIEFEL_1023,0
STIEFEL_1028,2
STIEFEL_1031,3
STIEFEL_1034,2
STIEFEL_1061,2
STIEFEL_1085,1
STIEFEL_1098,2
STIEFEL_1109,2
STIEFEL_1127,1
STIEFEL_1129,2
STIEFEL_1132,0
STIEFEL_1133,2
STIEFEL_1153,1
STIEFEL_1156,2
STIEFEL_1157,1
STIEFEL_1164,2
STIEFEL_1167,1
STIEFEL_1168,1
STIEFEL_1169,1
STIEFEL_1170,2
STIEFEL_1171,3
STIEFEL_1180,1
STIEFEL_1181,2
STIEFEL_1182,2
STIEFEL_1186,2
STIEFEL_1189,0
STIEFEL_1191,2
STIEFEL_1197,2
STIEFEL_1198,2
STIEFEL_1200,0
STIEFEL_1201,1
STIEFEL_1203,2
STIEFEL_1206,2
STIEFEL_1208,2
STIEFEL_1209,3
STIEFEL_1225,2
STIEFEL_1227,0
STIEFEL_1228,1
STIEFEL_1231,2
STIEFEL_1237,0
STIEFEL_1239,2
STIEFEL_1240,1
STIEFEL_1259,2
STIEFEL_1262,1
STIEFEL_1267,0
STIEFEL_1270,2
STIEFEL_1271,1
STIEFEL_1273,2
STIEFEL_1277,0
STIEFEL_1280,2
STIEFEL_1284,1
STIEFEL_1285,1
STIEFEL_1287,0
STIEFEL_1288,0
STIEFEL_1290,0
STIEFEL_1291,2
STIEFEL_1297,2
STIEFEL_1302,1
STIEFEL_1308,2
STIEFEL_1313,2
STIEFEL_1328,1
STIEFEL_1330,1
STIEFEL_1337,1
STIEFEL_1340,1
STIEFEL_1342,0
STIEFEL_1346,1
STIEFEL_1355,3
STIEFEL_1357,1
STIEFEL_1358,0
STIEFEL_1359,2
STIEFEL_1360,0
STIEFEL_1363,2
STIEFEL_1364,1
STIEFEL_1370,2
STIEFEL_1372,1
STIEFEL_1373,2
STIEFEL_1375,0
STIEFEL_1377,2
STIEFEL_1378,0
STIEFEL_1379,0
STIEFEL_1384,2
STIEFEL_1386,1
STIEFEL_1389,3
STIEFEL_1392,3
STIEFEL_1401,1
STIEFEL_1434,0
STIEFEL_1436,2
STIEFEL_1451,1
STIEFEL_1495,1
STIEFEL_1519,0
STIEFEL_1547,1
STIEFEL_1548,1
STIEFEL_1551,0
STIEFEL_1569,0
STIEFEL_1570,1
STIEFEL_1577,1
STIEFEL_1581,1
STIEFEL_1583,2
STIEFEL_1590,2
STIEFEL_1591,1
STIEFEL_1592,1
STIEFEL_1595,2
STIEFEL_1597,2
STIEFEL_1600,3
STIEFEL_1602,0
STIEFEL_1607,0
STIEFEL_1608,2
STIEFEL_1610,1
STIEFEL_1611,2
STIEFEL_1612,1
STIEFEL_1617,0
STIEFEL_1618,1
STIEFEL_1621,1
STIEFEL_1622,2
STIEFEL_1623,1
STIEFEL_1624,2
STIEFEL_1625,2
STIEFEL_1626,1
STIEFEL_1632,2
STIEFEL_1633,2
STIEFEL_1634,1
STIEFEL_1635,1
STIEFEL_1636,2
STIEFEL_1637,1
STIEFEL_1640,3
STIEFEL_1643,1
STIEFEL_1645,0
STIEFEL_1648,1
STIEFEL_1658,2
STIEFEL_1683,2
STIEFEL_1701,0
STIEFEL_1708,1
STIEFEL_1709,1
STIEFEL_1759,1
STIEFEL_1870,0
STIEFEL_1898,2
STIEFEL_1918,0
STIEFEL_1927,0
STIEFEL_1949,0
STIEFEL_1950,0
STIEFEL_1986,1
STIEFEL_1988,1
STIEFEL_1996,1
STIEFEL_2002,2
STIEFEL_2023,0
STIEFEL_2039,1
STIEFEL_2043,1
STIEFEL_2047,1
STIEFEL_2051,2
STIEFEL_2060,1
STIEFEL_2066,0
STIEFEL_2078,1
STIEFEL_2080,0
STIEFEL_2081,0
STIEFEL_2085,2
STIEFEL_2087,2
STIEFEL_2095,2
STIEFEL_2099,2
STIEFEL_2102,2
STIEFEL_2119,1
